Number of Plots Generated, Application Close Time Period
1, 0.005518198013305664
1, 0.005991458892822266
1, 0.0055997371673583984
1, 0.004999876022338867
1, 0.005129098892211914
1, 0.0049974918365478516
1, 0.005551338195800781
1, 0.005067586898803711
1, 0.005000591278076172
1, 0.005522727966308594
1, 0.006494045257568359
1, 0.0055234432220458984
1, 0.004999399185180664
1, 0.005563497543334961
1, 0.005305767059326172
1, 0.006002902984619141
1, 0.005989789962768555
1, 0.006000995635986328
1, 0.0050008296966552734
1, 0.005598783493041992
1, 0.006005048751831055
1, 0.0060002803802490234
1, 0.0065271854400634766
1, 0.0060579776763916016
1, 0.00556635856628418
1, 0.005515336990356445
1, 0.00500035285949707
1, 0.00499725341796875
1, 0.005570650100708008
1, 0.005997896194458008
1, 0.005948066711425781
1, 0.005654811859130859
1, 0.005519390106201172
1, 0.005004405975341797
1, 0.005998373031616211
1, 0.005000591278076172
1, 0.005516529083251953
1, 0.005461215972900391
1, 0.005515575408935547
1, 0.004994392395019531
1, 0.006544589996337891
1, 0.006234169006347656
1, 0.005810976028442383
1, 0.005536794662475586
1, 0.005001068115234375
1, 0.005896568298339844
1, 0.005726337432861328
1, 0.005540609359741211
1, 0.005999326705932617
1, 0.0056726932525634766
1, 0.0060002803802490234
1, 0.004994630813598633
1, 0.004895925521850586
1, 0.005515336990356445
1, 0.0058634281158447266
1, 0.004999399185180664
1, 0.00600123405456543
1, 0.006212472915649414
1, 0.005519866943359375
1, 0.005040407180786133
1, 0.005773067474365234
1, 0.006001472473144531
1, 0.005998134613037109
1, 0.006548643112182617
1, 0.00500178337097168
1, 0.00559234619140625
1, 0.0052318572998046875
1, 0.005996227264404297
1, 0.006520271301269531
1, 0.00554656982421875
1, 0.0059986114501953125
1, 0.005442619323730469
1, 0.005522727966308594
1, 0.00500035285949707
1, 0.0049974918365478516
1, 0.005007505416870117
1, 0.005761384963989258
1, 0.008002996444702148
1, 0.005517721176147461
1, 0.004997968673706055
1, 0.005999565124511719
1, 0.005763053894042969
1, 0.005744457244873047
1, 0.005962371826171875
1, 0.005999326705932617
1, 0.005611896514892578
1, 0.0050160884857177734
1, 0.005000114440917969
1, 0.004999876022338867
1, 0.00600123405456543
1, 0.0050165653228759766
1, 0.005795955657958984
1, 0.00599980354309082
1, 0.00500178337097168
1, 0.006258487701416016
1, 0.005996227264404297
1, 0.005126237869262695
1, 0.006208896636962891
1, 0.00599980354309082
1, 0.005724906921386719
2, 0.005751848220825195
2, 0.006497859954833984
2, 0.0060367584228515625
2, 0.005950927734375
2, 0.006011247634887695
2, 0.005774974822998047
2, 0.006001472473144531
2, 0.005998373031616211
2, 0.0057582855224609375
2, 0.0064449310302734375
2, 0.005841732025146484
2, 0.006143093109130859
2, 0.005999565124511719
2, 0.006002664566040039
2, 0.00599980354309082
2, 0.006000518798828125
2, 0.0064809322357177734
2, 0.005732059478759766
2, 0.0065228939056396484
2, 0.006529092788696289
2, 0.005928993225097656
2, 0.00551295280456543
2, 0.005997180938720703
2, 0.005998849868774414
2, 0.0055217742919921875
2, 0.006124734878540039
2, 0.006000518798828125
2, 0.005437612533569336
2, 0.0057468414306640625
2, 0.006000995635986328
2, 0.0060007572174072266
2, 0.005998134613037109
2, 0.005595684051513672
2, 0.0059587955474853516
2, 0.0060002803802490234
2, 0.006007194519042969
2, 0.0060007572174072266
2, 0.006001472473144531
2, 0.0059947967529296875
2, 0.006001472473144531
2, 0.0065097808837890625
2, 0.0057375431060791016
2, 0.0057735443115234375
2, 0.0055005550384521484
2, 0.0060007572174072266
2, 0.006020069122314453
2, 0.0060002803802490234
2, 0.005948543548583984
2, 0.005739688873291016
2, 0.006000041961669922
2, 0.005893707275390625
2, 0.006000518798828125
2, 0.006761074066162109
2, 0.006359577178955078
2, 0.0063822269439697266
2, 0.006531715393066406
2, 0.006455421447753906
2, 0.005978822708129883
2, 0.005999326705932617
2, 0.005810976028442383
2, 0.005998373031616211
2, 0.005519390106201172
2, 0.005998849868774414
2, 0.006514310836791992
2, 0.005960941314697266
2, 0.005510091781616211
2, 0.005959272384643555
2, 0.006514787673950195
2, 0.006012439727783203
2, 0.0058057308197021484
2, 0.0060040950775146484
2, 0.005512714385986328
2, 0.006275177001953125
2, 0.0060007572174072266
2, 0.005515336990356445
2, 0.0059964656829833984
2, 0.005845069885253906
2, 0.00600123405456543
2, 0.006000041961669922
2, 0.005518436431884766
2, 0.006000995635986328
2, 0.006031036376953125
2, 0.0060040950775146484
2, 0.006159067153930664
2, 0.0055735111236572266
2, 0.00651240348815918
2, 0.006236076354980469
2, 0.0060007572174072266
2, 0.0059986114501953125
2, 0.006000518798828125
2, 0.006000041961669922
2, 0.00600123405456543
2, 0.006001710891723633
2, 0.006011486053466797
2, 0.0065155029296875
2, 0.006938934326171875
2, 0.005999088287353516
2, 0.0055141448974609375
2, 0.0055446624755859375
2, 0.00599980354309082
3, 0.0060007572174072266
3, 0.00670623779296875
3, 0.006144523620605469
3, 0.0059986114501953125
3, 0.005999565124511719
3, 0.006639719009399414
3, 0.0065157413482666016
3, 0.006485700607299805
3, 0.006000995635986328
3, 0.00599980354309082
3, 0.006328582763671875
3, 0.00700068473815918
3, 0.006000518798828125
3, 0.005999565124511719
3, 0.007043123245239258
3, 0.0064809322357177734
3, 0.00700068473815918
3, 0.00700831413269043
3, 0.0064694881439208984
3, 0.006353139877319336
3, 0.007016420364379883
3, 0.006001949310302734
3, 0.007001399993896484
3, 0.006518363952636719
3, 0.006996870040893555
3, 0.00599980354309082
3, 0.006527423858642578
3, 0.006000041961669922
3, 0.006000995635986328
3, 0.006372213363647461
3, 0.0070514678955078125
3, 0.006004810333251953
3, 0.0060002803802490234
3, 0.006241321563720703
3, 0.006532430648803711
3, 0.006561994552612305
3, 0.006514787673950195
3, 0.006048440933227539
3, 0.007013559341430664
3, 0.007001638412475586
3, 0.006352424621582031
3, 0.006046295166015625
3, 0.005951404571533203
3, 0.0060002803802490234
3, 0.006017208099365234
3, 0.006537675857543945
3, 0.006514072418212891
3, 0.0070002079010009766
3, 0.0060520172119140625
3, 0.0069980621337890625
3, 0.007001638412475586
3, 0.006992340087890625
3, 0.0060155391693115234
3, 0.006349086761474609
3, 0.006002664566040039
3, 0.0060007572174072266
3, 0.00641942024230957
3, 0.00599980354309082
3, 0.0064334869384765625
3, 0.0063762664794921875
3, 0.006569385528564453
3, 0.006525278091430664
3, 0.0065114498138427734
3, 0.0065500736236572266
3, 0.006522178649902344
3, 0.006518363952636719
3, 0.0060002803802490234
3, 0.006608247756958008
3, 0.006004810333251953
3, 0.005997896194458008
3, 0.0060007572174072266
3, 0.0070002079010009766
3, 0.007001399993896484
3, 0.006335258483886719
3, 0.007999181747436523
3, 0.00600123405456543
3, 0.0064182281494140625
3, 0.006301403045654297
3, 0.0064373016357421875
3, 0.00707697868347168
3, 0.006999969482421875
3, 0.0070095062255859375
3, 0.006512641906738281
3, 0.005999088287353516
3, 0.006999492645263672
3, 0.0062601566314697266
3, 0.006998777389526367
3, 0.00632786750793457
3, 0.007522106170654297
3, 0.0069997310638427734
3, 0.006613731384277344
3, 0.006372213363647461
3, 0.0064966678619384766
3, 0.006015777587890625
3, 0.006526470184326172
3, 0.006998538970947266
3, 0.006608486175537109
3, 0.006881237030029297
3, 0.006512641906738281
3, 0.006521940231323242
4, 0.007056713104248047
4, 0.0070040225982666016
4, 0.006975412368774414
4, 0.0067479610443115234
4, 0.0075151920318603516
4, 0.007088661193847656
4, 0.006512641906738281
4, 0.0070149898529052734
4, 0.00655674934387207
4, 0.006717205047607422
4, 0.006511688232421875
4, 0.0064432621002197266
4, 0.007002353668212891
4, 0.007000923156738281
4, 0.007002115249633789
4, 0.007000446319580078
4, 0.0069997310638427734
4, 0.007001161575317383
4, 0.006997346878051758
4, 0.006414175033569336
4, 0.007000923156738281
4, 0.006896257400512695
4, 0.006749391555786133
4, 0.006996870040893555
4, 0.006996870040893555
4, 0.006741046905517578
4, 0.0070035457611083984
4, 0.00699615478515625
4, 0.006281614303588867
4, 0.007000446319580078
4, 0.006997108459472656
4, 0.006290435791015625
4, 0.007006168365478516
4, 0.006795167922973633
4, 0.0067288875579833984
4, 0.006712913513183594
4, 0.007001161575317383
4, 0.0070247650146484375
4, 0.007002353668212891
4, 0.007222414016723633
4, 0.006615400314331055
4, 0.0069997310638427734
4, 0.006692647933959961
4, 0.007405996322631836
4, 0.007998466491699219
4, 0.007277250289916992
4, 0.007512331008911133
4, 0.007193088531494141
4, 0.00704646110534668
4, 0.007543802261352539
4, 0.006996870040893555
4, 0.0065190792083740234
4, 0.0075113773345947266
4, 0.00690913200378418
4, 0.007001638412475586
4, 0.006755352020263672
4, 0.0070002079010009766
4, 0.006437778472900391
4, 0.0070116519927978516
4, 0.006328582763671875
4, 0.006333827972412109
4, 0.0064237117767333984
4, 0.006916046142578125
4, 0.007375001907348633
4, 0.006975889205932617
4, 0.007402896881103516
4, 0.007005214691162109
4, 0.006997346878051758
4, 0.007002353668212891
4, 0.006510496139526367
4, 0.0069959163665771484
4, 0.007223367691040039
4, 0.007004499435424805
4, 0.006936311721801758
4, 0.0069997310638427734
4, 0.007000923156738281
4, 0.007205009460449219
4, 0.006863594055175781
4, 0.006999492645263672
4, 0.006512880325317383
4, 0.0066301822662353516
4, 0.007012128829956055
4, 0.0067462921142578125
4, 0.006779909133911133
4, 0.0071103572845458984
4, 0.006319522857666016
4, 0.006772518157958984
4, 0.0065152645111083984
4, 0.0069997310638427734
4, 0.007002115249633789
4, 0.006905078887939453
4, 0.00700068473815918
4, 0.007510662078857422
4, 0.007082223892211914
4, 0.006610870361328125
4, 0.007547616958618164
4, 0.006749391555786133
4, 0.005994558334350586
4, 0.006528139114379883
4, 0.007002353668212891
5, 0.007001638412475586
5, 0.007090330123901367
5, 0.007998228073120117
5, 0.007001161575317383
5, 0.0070111751556396484
5, 0.006738185882568359
5, 0.0070002079010009766
5, 0.006519317626953125
5, 0.0066759586334228516
5, 0.006999969482421875
5, 0.007001161575317383
5, 0.007000446319580078
5, 0.006994724273681641
5, 0.007203817367553711
5, 0.006731748580932617
5, 0.007515430450439453
5, 0.006999969482421875
5, 0.007000923156738281
5, 0.0074884891510009766
5, 0.006997585296630859
5, 0.007002115249633789
5, 0.00700068473815918
5, 0.0075223445892333984
5, 0.0070590972900390625
5, 0.006996870040893555
5, 0.0070002079010009766
5, 0.007835149765014648
5, 0.0075130462646484375
5, 0.007010936737060547
5, 0.007432460784912109
5, 0.007758617401123047
5, 0.0070002079010009766
5, 0.00653529167175293
5, 0.00706934928894043
5, 0.006998300552368164
5, 0.007509469985961914
5, 0.007884502410888672
5, 0.007719755172729492
5, 0.006533145904541016
5, 0.0069959163665771484
5, 0.00699925422668457
5, 0.007027149200439453
5, 0.007342100143432617
5, 0.007010221481323242
5, 0.007517576217651367
5, 0.007514238357543945
5, 0.006997585296630859
5, 0.0069997310638427734
5, 0.00730133056640625
5, 0.00726318359375
5, 0.0068302154541015625
5, 0.0070002079010009766
5, 0.0070002079010009766
5, 0.0069866180419921875
5, 0.0071871280670166016
5, 0.007525920867919922
5, 0.0067369937896728516
5, 0.0070035457611083984
5, 0.007000446319580078
5, 0.00700068473815918
5, 0.007000446319580078
5, 0.006998300552368164
5, 0.0070421695709228516
5, 0.007001399993896484
5, 0.00809788703918457
5, 0.007208824157714844
5, 0.007517099380493164
5, 0.00784444808959961
5, 0.007999658584594727
5, 0.006888151168823242
5, 0.006999492645263672
5, 0.006999015808105469
5, 0.007512331008911133
5, 0.0067119598388671875
5, 0.006512880325317383
5, 0.007013082504272461
5, 0.007001638412475586
5, 0.00700068473815918
5, 0.00700068473815918
5, 0.007014751434326172
5, 0.00800013542175293
5, 0.007749319076538086
5, 0.0077991485595703125
5, 0.00700068473815918
5, 0.0073778629302978516
5, 0.00701141357421875
5, 0.006999969482421875
5, 0.007131814956665039
5, 0.007002592086791992
5, 0.007038593292236328
5, 0.0075550079345703125
5, 0.0076105594635009766
5, 0.007722377777099609
5, 0.006993293762207031
5, 0.006991386413574219
5, 0.007000923156738281
5, 0.00696253776550293
5, 0.006996870040893555
5, 0.007414102554321289
5, 0.0070269107818603516
6, 0.00800013542175293
6, 0.007048130035400391
6, 0.007999420166015625
6, 0.008001327514648438
6, 0.0072400569915771484
6, 0.007019519805908203
6, 0.007582187652587891
6, 0.00799870491027832
6, 0.007519721984863281
6, 0.008517265319824219
6, 0.008001089096069336
6, 0.0072629451751708984
6, 0.008708477020263672
6, 0.00770878791809082
6, 0.008012056350708008
6, 0.006998538970947266
6, 0.007721424102783203
6, 0.007019519805908203
6, 0.0070002079010009766
6, 0.008961915969848633
6, 0.008191585540771484
6, 0.008001327514648438
6, 0.007414579391479492
6, 0.007000446319580078
6, 0.008148670196533203
6, 0.007516145706176758
6, 0.00793766975402832
6, 0.007029533386230469
6, 0.007996559143066406
6, 0.0075609683990478516
6, 0.0070002079010009766
6, 0.008533477783203125
6, 0.007941246032714844
6, 0.0080108642578125
6, 0.007999181747436523
6, 0.00700068473815918
6, 0.008002042770385742
6, 0.007269620895385742
6, 0.007742404937744141
6, 0.008000612258911133
6, 0.00773167610168457
6, 0.007597684860229492
6, 0.00799870491027832
6, 0.0075380802154541016
6, 0.007719993591308594
6, 0.00804901123046875
6, 0.007772684097290039
6, 0.007445335388183594
6, 0.006992816925048828
6, 0.008413076400756836
6, 0.007826805114746094
6, 0.007512807846069336
6, 0.008134126663208008
6, 0.008597135543823242
6, 0.0076138973236083984
6, 0.008029937744140625
6, 0.009001493453979492
6, 0.009356498718261719
6, 0.009340286254882812
6, 0.008516550064086914
6, 0.010997295379638672
6, 0.008000850677490234
6, 0.007627010345458984
6, 0.008510828018188477
6, 0.006999492645263672
6, 0.007223606109619141
6, 0.0075762271881103516
6, 0.007008075714111328
6, 0.007536172866821289
6, 0.008005142211914062
6, 0.007825613021850586
6, 0.008011817932128906
6, 0.010570526123046875
6, 0.007002592086791992
6, 0.007946968078613281
6, 0.007783651351928711
6, 0.007544279098510742
6, 0.007995128631591797
6, 0.00757145881652832
6, 0.008033990859985352
6, 0.008001089096069336
6, 0.007151603698730469
6, 0.007812738418579102
6, 0.008200645446777344
6, 0.007928133010864258
6, 0.0075931549072265625
6, 0.007753849029541016
6, 0.00719761848449707
6, 0.00795435905456543
6, 0.007543325424194336
6, 0.00788569450378418
6, 0.007997989654541016
6, 0.007998466491699219
6, 0.007537126541137695
6, 0.006999015808105469
6, 0.007669687271118164
6, 0.007569551467895508
6, 0.006989479064941406
6, 0.007509708404541016
6, 0.007013559341430664
7, 0.009534358978271484
7, 0.008788347244262695
7, 0.008515596389770508
7, 0.007925033569335938
7, 0.007986068725585938
7, 0.008200407028198242
7, 0.00802159309387207
7, 0.008156776428222656
7, 0.008513450622558594
7, 0.00854802131652832
7, 0.008000612258911133
7, 0.007517099380493164
7, 0.00871586799621582
7, 0.010001182556152344
7, 0.007804155349731445
7, 0.008496999740600586
7, 0.008000373840332031
7, 0.008375883102416992
7, 0.007994651794433594
7, 0.008064746856689453
7, 0.0075151920318603516
7, 0.008730649948120117
7, 0.007999181747436523
7, 0.0075109004974365234
7, 0.00750732421875
7, 0.008947610855102539
7, 0.008000850677490234
7, 0.007997989654541016
7, 0.00976109504699707
7, 0.00853872299194336
7, 0.008466243743896484
7, 0.00783538818359375
7, 0.008022785186767578
7, 0.008792877197265625
7, 0.00817561149597168
7, 0.008249044418334961
7, 0.008001565933227539
7, 0.008002281188964844
7, 0.008391618728637695
7, 0.008144617080688477
7, 0.007997512817382812
7, 0.008590459823608398
7, 0.008161067962646484
7, 0.008656501770019531
7, 0.007753133773803711
7, 0.008002042770385742
7, 0.009077310562133789
7, 0.009003877639770508
7, 0.007998228073120117
7, 0.00813913345336914
7, 0.008998870849609375
7, 0.008996009826660156
7, 0.010002374649047852
7, 0.00800323486328125
7, 0.008294343948364258
7, 0.007946968078613281
7, 0.008761167526245117
7, 0.008839845657348633
7, 0.008002758026123047
7, 0.0075266361236572266
7, 0.008000612258911133
7, 0.008724689483642578
7, 0.00799703598022461
7, 0.008694171905517578
7, 0.00791621208190918
7, 0.007859945297241211
7, 0.008340597152709961
7, 0.007997989654541016
7, 0.008829116821289062
7, 0.008269309997558594
7, 0.008479833602905273
7, 0.008467674255371094
7, 0.0077435970306396484
7, 0.007999181747436523
7, 0.007873773574829102
7, 0.008028030395507812
7, 0.008602142333984375
7, 0.008517742156982422
7, 0.008030176162719727
7, 0.009516239166259766
7, 0.007601022720336914
7, 0.007996559143066406
7, 0.008515596389770508
7, 0.007514476776123047
7, 0.008089780807495117
7, 0.008566141128540039
7, 0.00851130485534668
7, 0.008655548095703125
7, 0.009198665618896484
7, 0.008379697799682617
7, 0.007998943328857422
7, 0.008500099182128906
7, 0.008539676666259766
7, 0.009143829345703125
7, 0.008817672729492188
7, 0.007955551147460938
7, 0.008166790008544922
7, 0.007997274398803711
7, 0.008518218994140625
7, 0.007997751235961914
8, 0.009008407592773438
8, 0.00799870491027832
8, 0.009000062942504883
8, 0.008456230163574219
8, 0.00856328010559082
8, 0.008055448532104492
8, 0.00851893424987793
8, 0.00900125503540039
8, 0.00862884521484375
8, 0.008385181427001953
8, 0.008494138717651367
8, 0.008995294570922852
8, 0.009582996368408203
8, 0.00910639762878418
8, 0.008539915084838867
8, 0.00900125503540039
8, 0.008852005004882812
8, 0.00853109359741211
8, 0.009000778198242188
8, 0.009274005889892578
8, 0.009142398834228516
8, 0.008615970611572266
8, 0.009015560150146484
8, 0.00883340835571289
8, 0.010048389434814453
8, 0.007957696914672852
8, 0.008517980575561523
8, 0.00899648666381836
8, 0.009798526763916016
8, 0.008562326431274414
8, 0.008069038391113281
8, 0.008174657821655273
8, 0.009544849395751953
8, 0.009082317352294922
8, 0.011051654815673828
8, 0.009253740310668945
8, 0.008999109268188477
8, 0.008277654647827148
8, 0.008999824523925781
8, 0.009000301361083984
8, 0.008992671966552734
8, 0.009003162384033203
8, 0.009322643280029297
8, 0.009079456329345703
8, 0.008898258209228516
8, 0.007997989654541016
8, 0.008681774139404297
8, 0.008795738220214844
8, 0.008650779724121094
8, 0.007873296737670898
8, 0.009401559829711914
8, 0.00960087776184082
8, 0.009002208709716797
8, 0.008563041687011719
8, 0.007999897003173828
8, 0.008173704147338867
8, 0.008924007415771484
8, 0.008996725082397461
8, 0.009569883346557617
8, 0.008919239044189453
8, 0.008993864059448242
8, 0.00916910171508789
8, 0.008838653564453125
8, 0.00899505615234375
8, 0.008980035781860352
8, 0.008999347686767578
8, 0.009000301361083984
8, 0.009000301361083984
8, 0.00899815559387207
8, 0.008792400360107422
8, 0.008296012878417969
8, 0.009000778198242188
8, 0.007997751235961914
8, 0.008998632431030273
8, 0.008569478988647461
8, 0.008656978607177734
8, 0.007991552352905273
8, 0.008533954620361328
8, 0.008998394012451172
8, 0.007995843887329102
8, 0.009000301361083984
8, 0.011002302169799805
8, 0.009026288986206055
8, 0.009999513626098633
8, 0.00859832763671875
8, 0.008407115936279297
8, 0.008625984191894531
8, 0.008512258529663086
8, 0.009000539779663086
8, 0.008000612258911133
8, 0.008001565933227539
8, 0.008999347686767578
8, 0.009068965911865234
8, 0.007999897003173828
8, 0.008003711700439453
8, 0.007999181747436523
8, 0.00832056999206543
8, 0.009002447128295898
8, 0.00899958610534668
8, 0.00800013542175293
9, 0.00860738754272461
9, 0.00800013542175293
9, 0.009448528289794922
9, 0.008522272109985352
9, 0.008609771728515625
9, 0.008523702621459961
9, 0.008419990539550781
9, 0.00879359245300293
9, 0.009012937545776367
9, 0.008530616760253906
9, 0.009075164794921875
9, 0.009017705917358398
9, 0.007999897003173828
9, 0.009000062942504883
9, 0.00899362564086914
9, 0.009175300598144531
9, 0.00888824462890625
9, 0.008604764938354492
9, 0.008517026901245117
9, 0.009000062942504883
9, 0.008228302001953125
9, 0.008998632431030273
9, 0.008871793746948242
9, 0.009255409240722656
9, 0.008506536483764648
9, 0.009000539779663086
9, 0.009000778198242188
9, 0.008516788482666016
9, 0.008606910705566406
9, 0.008996009826660156
9, 0.009051799774169922
9, 0.008762598037719727
9, 0.008000373840332031
9, 0.009209394454956055
9, 0.009000062942504883
9, 0.00901174545288086
9, 0.00899958610534668
9, 0.008079290390014648
9, 0.00853872299194336
9, 0.009011030197143555
9, 0.00999593734741211
9, 0.008219242095947266
9, 0.008517265319824219
9, 0.008639097213745117
9, 0.009000062942504883
9, 0.007957935333251953
9, 0.00873875617980957
9, 0.008929252624511719
9, 0.009298324584960938
9, 0.00890660285949707
9, 0.008821964263916016
9, 0.008560419082641602
9, 0.009000539779663086
9, 0.009180545806884766
9, 0.008516788482666016
9, 0.008647680282592773
9, 0.00951695442199707
9, 0.008999347686767578
9, 0.009134292602539062
9, 0.008608579635620117
9, 0.008998870849609375
9, 0.008996963500976562
9, 0.010002374649047852
9, 0.00951385498046875
9, 0.009002208709716797
9, 0.00899958610534668
9, 0.008525848388671875
9, 0.008549213409423828
9, 0.008934259414672852
9, 0.009000539779663086
9, 0.00853276252746582
9, 0.008172035217285156
9, 0.011042356491088867
9, 0.008510589599609375
9, 0.009521722793579102
9, 0.009187459945678711
9, 0.009001016616821289
9, 0.008011817932128906
9, 0.009001970291137695
9, 0.008999824523925781
9, 0.008999824523925781
9, 0.00968623161315918
9, 0.009781360626220703
9, 0.009096145629882812
9, 0.00899815559387207
9, 0.008286237716674805
9, 0.008466958999633789
9, 0.00979471206665039
9, 0.008621454238891602
9, 0.00900888442993164
9, 0.008512496948242188
9, 0.009000062942504883
9, 0.009592533111572266
9, 0.00934600830078125
9, 0.008951425552368164
9, 0.008786201477050781
9, 0.00855708122253418
9, 0.008513450622558594
9, 0.009999990463256836
9, 0.008995771408081055
10, 0.009637832641601562
10, 0.008817672729492188
10, 0.009367227554321289
10, 0.01004934310913086
10, 0.009411334991455078
10, 0.009037017822265625
10, 0.009999275207519531
10, 0.0100860595703125
10, 0.010966062545776367
10, 0.008997201919555664
10, 0.009732723236083984
10, 0.009145259857177734
10, 0.009001731872558594
10, 0.00973367691040039
10, 0.010000228881835938
10, 0.009000301361083984
10, 0.00933218002319336
10, 0.009769439697265625
10, 0.009996175765991211
10, 0.009002208709716797
10, 0.009596586227416992
10, 0.008788108825683594
10, 0.009512662887573242
10, 0.009026288986206055
10, 0.009234905242919922
10, 0.009999513626098633
10, 0.009993314743041992
10, 0.008436441421508789
10, 0.009558439254760742
10, 0.00915217399597168
10, 0.010554075241088867
10, 0.010575294494628906
10, 0.009999275207519531
10, 0.009222269058227539
10, 0.009999990463256836
10, 0.010233402252197266
10, 0.008565187454223633
10, 0.010000467300415039
10, 0.008999824523925781
10, 0.009999990463256836
10, 0.009609699249267578
10, 0.009251832962036133
10, 0.009792566299438477
10, 0.010000944137573242
10, 0.009514808654785156
10, 0.009659528732299805
10, 0.009548187255859375
10, 0.009267568588256836
10, 0.00951838493347168
10, 0.00930643081665039
10, 0.009000301361083984
10, 0.009001016616821289
10, 0.009246826171875
10, 0.011043071746826172
10, 0.008527994155883789
10, 0.009505033493041992
10, 0.00872349739074707
10, 0.009000301361083984
10, 0.009514093399047852
10, 0.008999824523925781
10, 0.009516239166259766
10, 0.010000228881835938
10, 0.009628057479858398
10, 0.009002447128295898
10, 0.009000062942504883
10, 0.009519338607788086
10, 0.009767532348632812
10, 0.010001659393310547
10, 0.009806394577026367
10, 0.009809017181396484
10, 0.009999513626098633
10, 0.009000301361083984
10, 0.009515047073364258
10, 0.010000228881835938
10, 0.011521339416503906
10, 0.00894784927368164
10, 0.009925365447998047
10, 0.011000633239746094
10, 0.00899958610534668
10, 0.009519338607788086
10, 0.009656429290771484
10, 0.009664773941040039
10, 0.011014223098754883
10, 0.01007390022277832
10, 0.00900125503540039
10, 0.009000301361083984
10, 0.009831666946411133
10, 0.008994340896606445
10, 0.009000301361083984
10, 0.009515762329101562
10, 0.010054349899291992
10, 0.009111881256103516
10, 0.008784770965576172
10, 0.009003639221191406
10, 0.010002613067626953
10, 0.008997201919555664
10, 0.009511947631835938
10, 0.0094146728515625
10, 0.00899958610534668
10, 0.009034156799316406
11, 0.010430574417114258
11, 0.009539127349853516
11, 0.01000070571899414
11, 0.010000228881835938
11, 0.009998798370361328
11, 0.010003089904785156
11, 0.009705305099487305
11, 0.010002613067626953
11, 0.009008407592773438
11, 0.009519815444946289
11, 0.010000467300415039
11, 0.009854555130004883
11, 0.009688377380371094
11, 0.00978231430053711
11, 0.010293722152709961
11, 0.009001731872558594
11, 0.009586095809936523
11, 0.009997129440307617
11, 0.010001420974731445
11, 0.00999760627746582
11, 0.010272502899169922
11, 0.00900125503540039
11, 0.01101374626159668
11, 0.009569644927978516
11, 0.01000070571899414
11, 0.009999752044677734
11, 0.009849786758422852
11, 0.009999990463256836
11, 0.009244441986083984
11, 0.016517162322998047
11, 0.009723186492919922
11, 0.010000944137573242
11, 0.00951695442199707
11, 0.009518146514892578
11, 0.009862184524536133
11, 0.010010957717895508
11, 0.010688543319702148
11, 0.009945869445800781
11, 0.010258197784423828
11, 0.009519338607788086
11, 0.009999752044677734
11, 0.009999990463256836
11, 0.008996725082397461
11, 0.010517120361328125
11, 0.009717941284179688
11, 0.009740591049194336
11, 0.010030508041381836
11, 0.009002685546875
11, 0.010000228881835938
11, 0.00953531265258789
11, 0.010240554809570312
11, 0.010367393493652344
11, 0.009711503982543945
11, 0.009991884231567383
11, 0.009796857833862305
11, 0.010000228881835938
11, 0.009300708770751953
11, 0.010037422180175781
11, 0.010999441146850586
11, 0.010173320770263672
11, 0.00997781753540039
11, 0.010021448135375977
11, 0.010287046432495117
11, 0.010996103286743164
11, 0.010515451431274414
11, 0.009009599685668945
11, 0.009609222412109375
11, 0.010011434555053711
11, 0.009513378143310547
11, 0.01001429557800293
11, 0.009950399398803711
11, 0.010539770126342773
11, 0.009876012802124023
11, 0.010000228881835938
11, 0.009999990463256836
11, 0.00956416130065918
11, 0.010526895523071289
11, 0.010000467300415039
11, 0.009539604187011719
11, 0.009858846664428711
11, 0.010137557983398438
11, 0.009609222412109375
11, 0.01009988784790039
11, 0.009006738662719727
11, 0.009346485137939453
11, 0.009894132614135742
11, 0.009541988372802734
11, 0.010523319244384766
11, 0.009527206420898438
11, 0.009513378143310547
11, 0.009599924087524414
11, 0.009904146194458008
11, 0.010162115097045898
11, 0.00899958610534668
11, 0.009873390197753906
11, 0.009063482284545898
11, 0.009462594985961914
11, 0.010527372360229492
11, 0.009627819061279297
11, 0.01251673698425293
12, 0.010118722915649414
12, 0.010010004043579102
12, 0.010062694549560547
12, 0.010524988174438477
12, 0.010749578475952148
12, 0.009612560272216797
12, 0.010532140731811523
12, 0.01001119613647461
12, 0.011047840118408203
12, 0.00999760627746582
12, 0.010141134262084961
12, 0.010515689849853516
12, 0.010668516159057617
12, 0.01099395751953125
12, 0.010507822036743164
12, 0.009996652603149414
12, 0.009999275207519531
12, 0.010863304138183594
12, 0.009996891021728516
12, 0.010009050369262695
12, 0.011039495468139648
12, 0.010539054870605469
12, 0.011000394821166992
12, 0.01103663444519043
12, 0.010158538818359375
12, 0.009788751602172852
12, 0.010653972625732422
12, 0.010591506958007812
12, 0.010555744171142578
12, 0.01050424575805664
12, 0.01000070571899414
12, 0.009732723236083984
12, 0.009998083114624023
12, 0.010519742965698242
12, 0.012000560760498047
12, 0.01999974250793457
12, 0.016498088836669922
12, 0.017004013061523438
12, 0.013000249862670898
12, 0.014500617980957031
12, 0.018000125885009766
12, 0.014000892639160156
12, 0.013998270034790039
12, 0.013997793197631836
12, 0.015500307083129883
12, 0.015498161315917969
12, 0.014001131057739258
12, 0.015498876571655273
12, 0.012999773025512695
12, 0.01949930191040039
12, 0.013501167297363281
12, 0.013998270034790039
12, 0.011497974395751953
12, 0.01499629020690918
12, 0.012001991271972656
12, 0.01649951934814453
12, 0.020000934600830078
12, 0.01450204849243164
12, 0.013498544692993164
12, 0.014000892639160156
12, 0.013500452041625977
12, 0.016499757766723633
12, 0.01699972152709961
12, 0.01649785041809082
12, 0.015499353408813477
12, 0.014502763748168945
12, 0.01599717140197754
12, 0.01399993896484375
12, 0.013998985290527344
12, 0.011500358581542969
12, 0.011500358581542969
12, 0.017000913619995117
12, 0.014499187469482422
12, 0.014498710632324219
12, 0.014998435974121094
12, 0.013502836227416992
12, 0.01349949836730957
12, 0.013999462127685547
12, 0.013091087341308594
12, 0.010501623153686523
12, 0.01400446891784668
12, 0.014497756958007812
12, 0.013500690460205078
12, 0.013500690460205078
12, 0.016501903533935547
12, 0.014000177383422852
12, 0.012997865676879883
12, 0.014499664306640625
12, 0.012500286102294922
12, 0.013501405715942383
12, 0.018500089645385742
12, 0.012499809265136719
12, 0.011505126953125
12, 0.018500566482543945
12, 0.015000581741333008
12, 0.011499404907226562
12, 0.013998746871948242
12, 0.013503789901733398
12, 0.015498161315917969
12, 0.01650261878967285
13, 0.015499591827392578
13, 0.01600050926208496
13, 0.016501426696777344
13, 0.014497041702270508
13, 0.015500068664550781
13, 0.012999773025512695
13, 0.010523557662963867
13, 0.012948989868164062
13, 0.01060795783996582
13, 0.01002359390258789
13, 0.010738611221313477
13, 0.012000322341918945
13, 0.010525226593017578
13, 0.010221004486083984
13, 0.009999752044677734
13, 0.011285543441772461
13, 0.009612798690795898
13, 0.010148286819458008
13, 0.009999990463256836
13, 0.010001182556152344
13, 0.010248899459838867
13, 0.010344266891479492
13, 0.009626388549804688
13, 0.009754180908203125
13, 0.010208368301391602
13, 0.00999593734741211
13, 0.009730100631713867
13, 0.010062694549560547
13, 0.010003805160522461
13, 0.010513067245483398
13, 0.0104522705078125
13, 0.00974416732788086
13, 0.010003805160522461
13, 0.010622024536132812
13, 0.010000944137573242
13, 0.009536504745483398
13, 0.010628938674926758
13, 0.009999990463256836
13, 0.009514331817626953
13, 0.01063990592956543
13, 0.010312795639038086
13, 0.009783029556274414
13, 0.010308027267456055
13, 0.01000070571899414
13, 0.009729385375976562
13, 0.010749340057373047
13, 0.009754657745361328
13, 0.010294198989868164
13, 0.01074838638305664
13, 0.010729312896728516
13, 0.010627031326293945
13, 0.010001420974731445
13, 0.010000228881835938
13, 0.010366201400756836
13, 0.009325027465820312
13, 0.010511636734008789
13, 0.009999990463256836
13, 0.009879589080810547
13, 0.00958704948425293
13, 0.010232210159301758
13, 0.010999917984008789
13, 0.009513616561889648
13, 0.009999275207519531
13, 0.01000523567199707
13, 0.01060032844543457
13, 0.010514497756958008
13, 0.009988546371459961
13, 0.009802103042602539
13, 0.010517120361328125
13, 0.009614706039428711
13, 0.010393142700195312
13, 0.010000228881835938
13, 0.010003089904785156
13, 0.009990692138671875
13, 0.010719060897827148
13, 0.009999990463256836
13, 0.010522127151489258
13, 0.010502099990844727
13, 0.010000944137573242
13, 0.010637760162353516
13, 0.01100015640258789
13, 0.011010169982910156
13, 0.010122537612915039
13, 0.010534524917602539
13, 0.010007143020629883
13, 0.010322809219360352
13, 0.009477853775024414
13, 0.010013580322265625
13, 0.009999513626098633
13, 0.0096435546875
13, 0.009996891021728516
13, 0.009999752044677734
13, 0.010541677474975586
13, 0.009784936904907227
13, 0.010000944137573242
13, 0.010548591613769531
13, 0.010516643524169922
13, 0.010998964309692383
13, 0.010405302047729492
13, 0.010912179946899414
14, 0.010608673095703125
14, 0.011518478393554688
14, 0.010516166687011719
14, 0.011000394821166992
14, 0.011001348495483398
14, 0.010513782501220703
14, 0.01061558723449707
14, 0.010536909103393555
14, 0.010909318923950195
14, 0.011365175247192383
14, 0.011000633239746094
14, 0.010998964309692383
14, 0.010999917984008789
14, 0.010991573333740234
14, 0.011001110076904297
14, 0.011000394821166992
14, 0.010798215866088867
14, 0.010994911193847656
14, 0.010063648223876953
14, 0.00989842414855957
14, 0.010416746139526367
14, 0.010801315307617188
14, 0.011000394821166992
14, 0.010527610778808594
14, 0.010527610778808594
14, 0.0105133056640625
14, 0.010687828063964844
14, 0.009999990463256836
14, 0.010519027709960938
14, 0.010998964309692383
14, 0.010000228881835938
14, 0.010042190551757812
14, 0.010272502899169922
14, 0.010221719741821289
14, 0.010774850845336914
14, 0.010000228881835938
14, 0.01030421257019043
14, 0.010509729385375977
14, 0.010445833206176758
14, 0.010505437850952148
14, 0.010508060455322266
14, 0.01002645492553711
14, 0.009722471237182617
14, 0.010399341583251953
14, 0.011074542999267578
14, 0.010328292846679688
14, 0.010567665100097656
14, 0.010179996490478516
14, 0.010221242904663086
14, 0.010542631149291992
14, 0.010673046112060547
14, 0.010838508605957031
14, 0.01000070571899414
14, 0.010388612747192383
14, 0.00970911979675293
14, 0.01019597053527832
14, 0.010557174682617188
14, 0.010072469711303711
14, 0.011078357696533203
14, 0.010609626770019531
14, 0.010000228881835938
14, 0.009998559951782227
14, 0.009832620620727539
14, 0.010579347610473633
14, 0.011048078536987305
14, 0.010208368301391602
14, 0.01060342788696289
14, 0.010605335235595703
14, 0.010999202728271484
14, 0.010999441146850586
14, 0.010638236999511719
14, 0.010997772216796875
14, 0.010805368423461914
14, 0.010998964309692383
14, 0.010509967803955078
14, 0.011000394821166992
14, 0.011226654052734375
14, 0.010534048080444336
14, 0.011009931564331055
14, 0.011000633239746094
14, 0.010996341705322266
14, 0.00999760627746582
14, 0.010009050369262695
14, 0.010003805160522461
14, 0.010516881942749023
14, 0.010000467300415039
14, 0.010001182556152344
14, 0.010066032409667969
14, 0.010512590408325195
14, 0.009996652603149414
14, 0.010646581649780273
14, 0.010329484939575195
14, 0.00980830192565918
14, 0.010515213012695312
14, 0.010895013809204102
14, 0.011000633239746094
14, 0.010278463363647461
14, 0.011000394821166992
14, 0.010594606399536133
14, 0.010591983795166016
15, 0.011002063751220703
15, 0.011127710342407227
15, 0.010514020919799805
15, 0.010516881942749023
15, 0.010733842849731445
15, 0.01099395751953125
15, 0.010173797607421875
15, 0.010849237442016602
15, 0.010920524597167969
15, 0.01099848747253418
15, 0.010563135147094727
15, 0.010942697525024414
15, 0.01100301742553711
15, 0.010049581527709961
15, 0.010995626449584961
15, 0.01034688949584961
15, 0.011027812957763672
15, 0.010556459426879883
15, 0.01125335693359375
15, 0.01056361198425293
15, 0.011009931564331055
15, 0.011512994766235352
15, 0.011124134063720703
15, 0.011000394821166992
15, 0.010564327239990234
15, 0.011005640029907227
15, 0.011001348495483398
15, 0.010953187942504883
15, 0.010311126708984375
15, 0.011001348495483398
15, 0.010421276092529297
15, 0.010219335556030273
15, 0.011325597763061523
15, 0.01134347915649414
15, 0.010702848434448242
15, 0.01049494743347168
15, 0.010347127914428711
15, 0.01100015640258789
15, 0.011002540588378906
15, 0.010762453079223633
15, 0.010518550872802734
15, 0.011162757873535156
15, 0.010805606842041016
15, 0.010789871215820312
15, 0.011002302169799805
15, 0.011000394821166992
15, 0.010995864868164062
15, 0.011271953582763672
15, 0.011112689971923828
15, 0.011000394821166992
15, 0.01101231575012207
15, 0.010900020599365234
15, 0.010001659393310547
15, 0.010999202728271484
15, 0.011000394821166992
15, 0.01051020622253418
15, 0.011092185974121094
15, 0.009999752044677734
15, 0.010824441909790039
15, 0.010442495346069336
15, 0.01100468635559082
15, 0.01051640510559082
15, 0.010793685913085938
15, 0.010561466217041016
15, 0.010563373565673828
15, 0.010802984237670898
15, 0.011000633239746094
15, 0.01050877571105957
15, 0.010996341705322266
15, 0.010265588760375977
15, 0.011114358901977539
15, 0.011003732681274414
15, 0.01036524772644043
15, 0.010799646377563477
15, 0.010996580123901367
15, 0.010000944137573242
15, 0.010996818542480469
15, 0.010524272918701172
15, 0.010997295379638672
15, 0.011083364486694336
15, 0.01051020622253418
15, 0.010888814926147461
15, 0.010617494583129883
15, 0.010691404342651367
15, 0.010769367218017578
15, 0.011000394821166992
15, 0.011022329330444336
15, 0.01147317886352539
15, 0.011056900024414062
15, 0.010998010635375977
15, 0.011730670928955078
15, 0.011092662811279297
15, 0.011347293853759766
15, 0.011000394821166992
15, 0.011713266372680664
15, 0.011336803436279297
15, 0.011307001113891602
15, 0.011281013488769531
15, 0.010997295379638672
15, 0.011173009872436523
16, 0.012000083923339844
16, 0.010997772216796875
16, 0.01093435287475586
16, 0.011044025421142578
16, 0.011001348495483398
16, 0.010999917984008789
16, 0.010997772216796875
16, 0.01163339614868164
16, 0.011000633239746094
16, 0.011513233184814453
16, 0.011510610580444336
16, 0.010999917984008789
16, 0.010999917984008789
16, 0.011107444763183594
16, 0.01151275634765625
16, 0.01104283332824707
16, 0.011000633239746094
16, 0.011000633239746094
16, 0.011011838912963867
16, 0.010994195938110352
16, 0.010996341705322266
16, 0.01150822639465332
16, 0.011788129806518555
16, 0.01200103759765625
16, 0.010765314102172852
16, 0.011452436447143555
16, 0.011508703231811523
16, 0.010887861251831055
16, 0.011544466018676758
16, 0.011250972747802734
16, 0.010716676712036133
16, 0.010999917984008789
16, 0.011518239974975586
16, 0.01107645034790039
16, 0.010998725891113281
16, 0.011000871658325195
16, 0.011093616485595703
16, 0.010999441146850586
16, 0.011516332626342773
16, 0.012055158615112305
16, 0.01100015640258789
16, 0.011506319046020508
16, 0.010999917984008789
16, 0.011966228485107422
16, 0.011513233184814453
16, 0.01105356216430664
16, 0.010908126831054688
16, 0.011206865310668945
16, 0.01100015640258789
16, 0.011733055114746094
16, 0.010999679565429688
16, 0.012012720108032227
16, 0.011000394821166992
16, 0.010997295379638672
16, 0.011025190353393555
16, 0.011347770690917969
16, 0.010967731475830078
16, 0.011000633239746094
16, 0.010999917984008789
16, 0.011500120162963867
16, 0.010863065719604492
16, 0.011104345321655273
16, 0.011032819747924805
16, 0.01111149787902832
16, 0.010999679565429688
16, 0.011384248733520508
16, 0.010998249053955078
16, 0.01100015640258789
16, 0.010911226272583008
16, 0.011226892471313477
16, 0.010999679565429688
16, 0.011165618896484375
16, 0.011503458023071289
16, 0.011447668075561523
16, 0.0110015869140625
16, 0.010999679565429688
16, 0.01101541519165039
16, 0.011549711227416992
16, 0.01100015640258789
16, 0.011183023452758789
16, 0.011050939559936523
16, 0.010999679565429688
16, 0.01099705696105957
16, 0.011513471603393555
16, 0.010998725891113281
16, 0.011516094207763672
16, 0.011007070541381836
16, 0.010999679565429688
16, 0.011000871658325195
16, 0.011003971099853516
16, 0.010703325271606445
16, 0.010514259338378906
16, 0.011528968811035156
16, 0.011513710021972656
16, 0.010999917984008789
16, 0.010999202728271484
16, 0.011000871658325195
16, 0.011085987091064453
16, 0.01053619384765625
16, 0.010900735855102539
17, 0.011000633239746094
17, 0.011000394821166992
17, 0.012226104736328125
17, 0.01183772087097168
17, 0.01183462142944336
17, 0.011626243591308594
17, 0.012315988540649414
17, 0.011508703231811523
17, 0.012001991271972656
17, 0.010999679565429688
17, 0.012046098709106445
17, 0.011516571044921875
17, 0.012084245681762695
17, 0.011301994323730469
17, 0.011000394821166992
17, 0.011432170867919922
17, 0.011039972305297852
17, 0.010999917984008789
17, 0.011783123016357422
17, 0.01100015640258789
17, 0.011998891830444336
17, 0.01157379150390625
17, 0.011363029479980469
17, 0.012000799179077148
17, 0.011694669723510742
17, 0.011645078659057617
17, 0.011514902114868164
17, 0.011530160903930664
17, 0.011731386184692383
17, 0.011000394821166992
17, 0.011616230010986328
17, 0.011001110076904297
17, 0.011534452438354492
17, 0.010999917984008789
17, 0.011000871658325195
17, 0.01154017448425293
17, 0.01151275634765625
17, 0.01121377944946289
17, 0.01200556755065918
17, 0.011206865310668945
17, 0.01100015640258789
17, 0.01115727424621582
17, 0.011150121688842773
17, 0.011006355285644531
17, 0.0110015869140625
17, 0.012109994888305664
17, 0.011008501052856445
17, 0.011999845504760742
17, 0.012000560760498047
17, 0.011368036270141602
17, 0.012012958526611328
17, 0.012517690658569336
17, 0.011765241622924805
17, 0.01151895523071289
17, 0.01180720329284668
17, 0.01153874397277832
17, 0.012032270431518555
17, 0.011648416519165039
17, 0.01101374626159668
17, 0.012186527252197266
17, 0.012266874313354492
17, 0.011542081832885742
17, 0.011998653411865234
17, 0.011569738388061523
17, 0.012513399124145508
17, 0.011510848999023438
17, 0.011000394821166992
17, 0.012201309204101562
17, 0.012144327163696289
17, 0.011997461318969727
17, 0.012000083923339844
17, 0.011718511581420898
17, 0.012173891067504883
17, 0.012000083923339844
17, 0.011881828308105469
17, 0.011996984481811523
17, 0.012082576751708984
17, 0.011946678161621094
17, 0.012013673782348633
17, 0.011998653411865234
17, 0.01100015640258789
17, 0.010999441146850586
17, 0.011510848999023438
17, 0.010999679565429688
17, 0.010994672775268555
17, 0.011755228042602539
17, 0.010999917984008789
17, 0.011004924774169922
17, 0.011795520782470703
17, 0.011765480041503906
17, 0.011600971221923828
17, 0.010915994644165039
17, 0.011999368667602539
17, 0.011536121368408203
17, 0.011646032333374023
17, 0.012518644332885742
17, 0.011999845504760742
17, 0.011534452438354492
17, 0.011529207229614258
17, 0.012268543243408203
18, 0.012000560760498047
18, 0.01251840591430664
18, 0.012172937393188477
18, 0.012063741683959961
18, 0.012336969375610352
18, 0.011513471603393555
18, 0.012113571166992188
18, 0.012010335922241211
18, 0.012000799179077148
18, 0.012010574340820312
18, 0.011997461318969727
18, 0.013002395629882812
18, 0.012001276016235352
18, 0.012520551681518555
18, 0.012516021728515625
18, 0.012497425079345703
18, 0.012999773025512695
18, 0.012516021728515625
18, 0.012742042541503906
18, 0.012076139450073242
18, 0.011884450912475586
18, 0.011999130249023438
18, 0.012548446655273438
18, 0.011966228485107422
18, 0.012790918350219727
18, 0.012511730194091797
18, 0.011684179306030273
18, 0.011926412582397461
18, 0.011659622192382812
18, 0.011999845504760742
18, 0.012009382247924805
18, 0.011382341384887695
18, 0.012250423431396484
18, 0.012000083923339844
18, 0.01250600814819336
18, 0.013120412826538086
18, 0.012606382369995117
18, 0.012746095657348633
18, 0.012353181838989258
18, 0.012011051177978516
18, 0.012389659881591797
18, 0.01300668716430664
18, 0.012004852294921875
18, 0.011995792388916016
18, 0.011970758438110352
18, 0.011524677276611328
18, 0.012378931045532227
18, 0.012809514999389648
18, 0.012079000473022461
18, 0.01200103759765625
18, 0.012509584426879883
18, 0.012000083923339844
18, 0.011993408203125
18, 0.01200246810913086
18, 0.01221919059753418
18, 0.012691497802734375
18, 0.012512683868408203
18, 0.012288331985473633
18, 0.011997461318969727
18, 0.011999845504760742
18, 0.012000322341918945
18, 0.012363672256469727
18, 0.012288093566894531
18, 0.012063026428222656
18, 0.011999845504760742
18, 0.011521100997924805
18, 0.011997699737548828
18, 0.01205301284790039
18, 0.011996746063232422
18, 0.012514591217041016
18, 0.01200723648071289
18, 0.012605428695678711
18, 0.012005329132080078
18, 0.011713266372680664
18, 0.012000560760498047
18, 0.012000560760498047
18, 0.012116432189941406
18, 0.011867284774780273
18, 0.011710405349731445
18, 0.011601448059082031
18, 0.011612653732299805
18, 0.011664628982543945
18, 0.011605262756347656
18, 0.013016462326049805
18, 0.01237034797668457
18, 0.012036561965942383
18, 0.012012243270874023
18, 0.011519908905029297
18, 0.012000799179077148
18, 0.01200103759765625
18, 0.011565208435058594
18, 0.011759757995605469
18, 0.011295557022094727
18, 0.011999845504760742
18, 0.012106657028198242
18, 0.011996269226074219
18, 0.01200103759765625
18, 0.012012243270874023
18, 0.012000560760498047
18, 0.011914730072021484
19, 0.01255941390991211
19, 0.013000011444091797
19, 0.01300191879272461
19, 0.0127716064453125
19, 0.013393640518188477
19, 0.01233816146850586
19, 0.013006448745727539
19, 0.012871026992797852
19, 0.012523651123046875
19, 0.013002872467041016
19, 0.012316703796386719
19, 0.012578248977661133
19, 0.012714862823486328
19, 0.012470483779907227
19, 0.012723207473754883
19, 0.012263298034667969
19, 0.012312889099121094
19, 0.012690305709838867
19, 0.012488126754760742
19, 0.012518167495727539
19, 0.012004852294921875
19, 0.012208223342895508
19, 0.012000322341918945
19, 0.012032032012939453
19, 0.011639595031738281
19, 0.012182235717773438
19, 0.011901378631591797
19, 0.012000322341918945
19, 0.012708663940429688
19, 0.01276707649230957
19, 0.012903451919555664
19, 0.012572526931762695
19, 0.013030290603637695
19, 0.012783288955688477
19, 0.012511968612670898
19, 0.01300191879272461
19, 0.012384653091430664
19, 0.01299905776977539
19, 0.013002872467041016
19, 0.013003826141357422
19, 0.012646675109863281
19, 0.012706995010375977
19, 0.01200103759765625
19, 0.011995553970336914
19, 0.011675119400024414
19, 0.012126445770263672
19, 0.012169122695922852
19, 0.012593507766723633
19, 0.011919260025024414
19, 0.011999368667602539
19, 0.012601852416992188
19, 0.012000083923339844
19, 0.011999845504760742
19, 0.012543916702270508
19, 0.013119220733642578
19, 0.01300048828125
19, 0.01318502426147461
19, 0.01267695426940918
19, 0.012514591217041016
19, 0.013001680374145508
19, 0.01299595832824707
19, 0.012251138687133789
19, 0.012014389038085938
19, 0.012581586837768555
19, 0.013017654418945312
19, 0.012154579162597656
19, 0.01237797737121582
19, 0.012999773025512695
19, 0.013124227523803711
19, 0.01200103759765625
19, 0.013108968734741211
19, 0.013009786605834961
19, 0.01199483871459961
19, 0.013036489486694336
19, 0.01300048828125
19, 0.013000965118408203
19, 0.013001680374145508
19, 0.012999773025512695
19, 0.012653112411499023
19, 0.013001203536987305
19, 0.012619256973266602
19, 0.013256549835205078
19, 0.01320028305053711
19, 0.012832164764404297
19, 0.012157678604125977
19, 0.012582778930664062
19, 0.012000560760498047
19, 0.012271404266357422
19, 0.01218271255493164
19, 0.01269388198852539
19, 0.012512922286987305
19, 0.012993574142456055
19, 0.012013912200927734
19, 0.012498617172241211
19, 0.011757135391235352
19, 0.011573314666748047
19, 0.01235508918762207
19, 0.012690067291259766
19, 0.012006044387817383
19, 0.012559175491333008
20, 0.01256704330444336
20, 0.013000965118408203
20, 0.012962818145751953
20, 0.011930465698242188
20, 0.01251673698425293
20, 0.013001203536987305
20, 0.012411832809448242
20, 0.01300048828125
20, 0.013002157211303711
20, 0.012592792510986328
20, 0.013269186019897461
20, 0.01261448860168457
20, 0.012446880340576172
20, 0.013000249862670898
20, 0.013119220733642578
20, 0.013008356094360352
20, 0.012268543243408203
20, 0.012048721313476562
20, 0.012999773025512695
20, 0.012927770614624023
20, 0.012560367584228516
20, 0.013110876083374023
20, 0.012514114379882812
20, 0.012556314468383789
20, 0.012279272079467773
20, 0.013515949249267578
20, 0.013003349304199219
20, 0.013238191604614258
20, 0.013000249862670898
20, 0.012536048889160156
20, 0.013500452041625977
20, 0.01300048828125
20, 0.013058185577392578
20, 0.013443470001220703
20, 0.013179302215576172
20, 0.013321161270141602
20, 0.012998342514038086
20, 0.01300048828125
20, 0.013448953628540039
20, 0.013330459594726562
20, 0.012845516204833984
20, 0.012948989868164062
20, 0.012743473052978516
20, 0.012574911117553711
20, 0.012477874755859375
20, 0.013009786605834961
20, 0.012278556823730469
20, 0.013083696365356445
20, 0.013000249862670898
20, 0.013349056243896484
20, 0.012759208679199219
20, 0.01301121711730957
20, 0.01353311538696289
20, 0.01338815689086914
20, 0.012865066528320312
20, 0.012515544891357422
20, 0.012000083923339844
20, 0.012003898620605469
20, 0.01199960708618164
20, 0.01252603530883789
20, 0.012847900390625
20, 0.012845516204833984
20, 0.01324152946472168
20, 0.013014554977416992
20, 0.01299905776977539
20, 0.012795209884643555
20, 0.012502908706665039
20, 0.013005256652832031
20, 0.012943744659423828
20, 0.012868881225585938
20, 0.012892484664916992
20, 0.013180255889892578
20, 0.012647390365600586
20, 0.013918638229370117
20, 0.013513565063476562
20, 0.013418197631835938
20, 0.012996435165405273
20, 0.013726472854614258
20, 0.012396097183227539
20, 0.012000083923339844
20, 0.012501239776611328
20, 0.012839078903198242
20, 0.013094663619995117
20, 0.012996912002563477
20, 0.012613058090209961
20, 0.013000249862670898
20, 0.013015270233154297
20, 0.013000249862670898
20, 0.013101339340209961
20, 0.012514829635620117
20, 0.012906551361083984
20, 0.013309001922607422
20, 0.01249241828918457
20, 0.013456106185913086
20, 0.012996673583984375
20, 0.01328730583190918
20, 0.013000011444091797
20, 0.013207197189331055
20, 0.012746095657348633
20, 0.013273477554321289
21, 0.01353144645690918
21, 0.013527393341064453
21, 0.013518095016479492
21, 0.012996435165405273
21, 0.013475656509399414
21, 0.013530969619750977
21, 0.013186931610107422
21, 0.01337885856628418
21, 0.013185501098632812
21, 0.013797760009765625
21, 0.013646125793457031
21, 0.013000726699829102
21, 0.013664007186889648
21, 0.012847900390625
21, 0.01304769515991211
21, 0.013277292251586914
21, 0.013840198516845703
21, 0.012585639953613281
21, 0.012799739837646484
21, 0.013035058975219727
21, 0.012999534606933594
21, 0.012644529342651367
21, 0.0130157470703125
21, 0.012524843215942383
21, 0.013181209564208984
21, 0.01301264762878418
21, 0.013988971710205078
21, 0.01299285888671875
21, 0.013733863830566406
21, 0.012693166732788086
21, 0.013297080993652344
21, 0.013000965118408203
21, 0.013520002365112305
21, 0.013000726699829102
21, 0.014000892639160156
21, 0.013563871383666992
21, 0.013002395629882812
21, 0.013168096542358398
21, 0.01312708854675293
21, 0.012997865676879883
21, 0.013001203536987305
21, 0.01262044906616211
21, 0.012512683868408203
21, 0.013000249862670898
21, 0.012964487075805664
21, 0.01301121711730957
21, 0.013011932373046875
21, 0.013048171997070312
21, 0.013000011444091797
21, 0.012977838516235352
21, 0.012853145599365234
21, 0.012516260147094727
21, 0.012009143829345703
21, 0.012999296188354492
21, 0.01367950439453125
21, 0.013513565063476562
21, 0.012627840042114258
21, 0.013448953628540039
21, 0.012769460678100586
21, 0.012543678283691406
21, 0.012534618377685547
21, 0.013252019882202148
21, 0.013000011444091797
21, 0.013837575912475586
21, 0.013047218322753906
21, 0.012996673583984375
21, 0.013941764831542969
21, 0.01300191879272461
21, 0.013513565063476562
21, 0.0130615234375
21, 0.012998580932617188
21, 0.013620853424072266
21, 0.01399374008178711
21, 0.01363992691040039
21, 0.013539791107177734
21, 0.013000249862670898
21, 0.012993335723876953
21, 0.013765573501586914
21, 0.0277860164642334
21, 0.01401662826538086
21, 0.013080358505249023
21, 0.012902975082397461
21, 0.013001441955566406
21, 0.013528108596801758
21, 0.012760400772094727
21, 0.013194561004638672
21, 0.013713359832763672
21, 0.013794422149658203
21, 0.013999700546264648
21, 0.013552665710449219
21, 0.013782501220703125
21, 0.013519048690795898
21, 0.014521121978759766
21, 0.013257980346679688
21, 0.013035297393798828
21, 0.012999534606933594
21, 0.012514114379882812
21, 0.012970447540283203
21, 0.013513565063476562
21, 0.013311147689819336
22, 0.013659000396728516
22, 0.014000654220581055
22, 0.013762950897216797
22, 0.01301431655883789
22, 0.013513803482055664
22, 0.012999534606933594
22, 0.013351917266845703
22, 0.012798547744750977
22, 0.013584136962890625
22, 0.013450860977172852
22, 0.013518095016479492
22, 0.01399993896484375
22, 0.014132261276245117
22, 0.013000249862670898
22, 0.013140201568603516
22, 0.013165473937988281
22, 0.013515710830688477
22, 0.014120101928710938
22, 0.013516664505004883
22, 0.013945341110229492
22, 0.0135650634765625
22, 0.01351308822631836
22, 0.013920783996582031
22, 0.013114213943481445
22, 0.0141143798828125
22, 0.012996435165405273
22, 0.013015270233154297
22, 0.013556718826293945
22, 0.013527393341064453
22, 0.01404428482055664
22, 0.0137939453125
22, 0.01399993896484375
22, 0.013995170593261719
22, 0.013715505599975586
22, 0.013000249862670898
22, 0.01470184326171875
22, 0.014008522033691406
22, 0.013761520385742188
22, 0.013811111450195312
22, 0.013561725616455078
22, 0.013558149337768555
22, 0.013000965118408203
22, 0.013237237930297852
22, 0.014000177383422852
22, 0.01354360580444336
22, 0.013515949249267578
22, 0.013597488403320312
22, 0.013535022735595703
22, 0.014225482940673828
22, 0.014048337936401367
22, 0.013953208923339844
22, 0.014511823654174805
22, 0.012999534606933594
22, 0.013518333435058594
22, 0.012999773025512695
22, 0.013308048248291016
22, 0.012619733810424805
22, 0.013000249862670898
22, 0.013479471206665039
22, 0.012999534606933594
22, 0.013766765594482422
22, 0.013533353805541992
22, 0.012991666793823242
22, 0.013000965118408203
22, 0.013788938522338867
22, 0.013000249862670898
22, 0.013645648956298828
22, 0.013985157012939453
22, 0.03302574157714844
22, 0.013673782348632812
22, 0.014060258865356445
22, 0.014591455459594727
22, 0.01353907585144043
22, 0.013073205947875977
22, 0.014067411422729492
22, 0.014005661010742188
22, 0.014000177383422852
22, 0.013264179229736328
22, 0.013910770416259766
22, 0.013515472412109375
22, 0.013519287109375
22, 0.013699531555175781
22, 0.013593196868896484
22, 0.013288497924804688
22, 0.01399993896484375
22, 0.013280391693115234
22, 0.013744831085205078
22, 0.01250600814819336
22, 0.01400136947631836
22, 0.013001680374145508
22, 0.013256072998046875
22, 0.014007329940795898
22, 0.0135345458984375
22, 0.012998580932617188
22, 0.014002799987792969
22, 0.01361227035522461
22, 0.013611793518066406
22, 0.014048576354980469
22, 0.01415872573852539
22, 0.013091087341308594
23, 0.013185739517211914
23, 0.014007806777954102
23, 0.014320611953735352
23, 0.014000177383422852
23, 0.01351308822631836
23, 0.01414942741394043
23, 0.014074087142944336
23, 0.01300048828125
23, 0.014327526092529297
23, 0.013123750686645508
23, 0.012999534606933594
23, 0.01333165168762207
23, 0.013959407806396484
23, 0.013828516006469727
23, 0.013480901718139648
23, 0.013514041900634766
23, 0.013509988784790039
23, 0.013646841049194336
23, 0.013485431671142578
23, 0.013997554779052734
23, 0.013701438903808594
23, 0.014490842819213867
23, 0.013591766357421875
23, 0.013602733612060547
23, 0.013311147689819336
23, 0.013998746871948242
23, 0.014002799987792969
23, 0.014003515243530273
23, 0.014369010925292969
23, 0.014111995697021484
23, 0.013740777969360352
23, 0.013791084289550781
23, 0.01388096809387207
23, 0.014410257339477539
23, 0.01454305648803711
23, 0.013889551162719727
23, 0.01399993896484375
23, 0.013998031616210938
23, 0.013486146926879883
23, 0.013520479202270508
23, 0.013786792755126953
23, 0.013694524765014648
23, 0.01393890380859375
23, 0.013648748397827148
23, 0.013000249862670898
23, 0.014717578887939453
23, 0.014271736145019531
23, 0.014124155044555664
23, 0.014509439468383789
23, 0.01403188705444336
23, 0.014014720916748047
23, 0.013769388198852539
23, 0.013247966766357422
23, 0.013004302978515625
23, 0.013083219528198242
23, 0.013920068740844727
23, 0.014582157135009766
23, 0.01400136947631836
23, 0.013174772262573242
23, 0.013375043869018555
23, 0.013738632202148438
23, 0.013454675674438477
23, 0.013514995574951172
23, 0.013101816177368164
23, 0.013000011444091797
23, 0.013768434524536133
23, 0.014225006103515625
23, 0.01327204704284668
23, 0.01401519775390625
23, 0.01416468620300293
23, 0.014507770538330078
23, 0.014513492584228516
23, 0.013586282730102539
23, 0.013973712921142578
23, 0.013775110244750977
23, 0.014000177383422852
23, 0.01399993896484375
23, 0.01399993896484375
23, 0.014367341995239258
23, 0.014000177383422852
23, 0.014123916625976562
23, 0.014119863510131836
23, 0.014000892639160156
23, 0.013998270034790039
23, 0.014250516891479492
23, 0.014000415802001953
23, 0.013999462127685547
23, 0.013715267181396484
23, 0.014381885528564453
23, 0.013512134552001953
23, 0.014118432998657227
23, 0.015007495880126953
23, 0.014177322387695312
23, 0.014358282089233398
23, 0.014389514923095703
23, 0.013574361801147461
23, 0.007512807846069336
23, 0.00773310661315918
23, 0.014055967330932617
23, 0.013555526733398438
24, 0.014435768127441406
24, 0.014493227005004883
24, 0.014994144439697266
24, 0.01464080810546875
24, 0.014384269714355469
24, 0.014429807662963867
24, 0.014512300491333008
24, 0.014539718627929688
24, 0.014000415802001953
24, 0.013468027114868164
24, 0.014326810836791992
24, 0.01399993896484375
24, 0.014026165008544922
24, 0.013528823852539062
24, 0.014000177383422852
24, 0.01399993896484375
24, 0.013998746871948242
24, 0.015000343322753906
24, 0.014306306838989258
24, 0.014531612396240234
24, 0.014012813568115234
24, 0.013999462127685547
24, 0.013974189758300781
24, 0.014514923095703125
24, 0.013565778732299805
24, 0.01410055160522461
24, 0.014282464981079102
24, 0.01364898681640625
24, 0.014118432998657227
24, 0.013999700546264648
24, 0.014000654220581055
24, 0.01460576057434082
24, 0.014524698257446289
24, 0.014596223831176758
24, 0.014336824417114258
24, 0.014659643173217773
24, 0.01439356803894043
24, 0.015079736709594727
24, 0.014001607894897461
24, 0.015517950057983398
24, 0.015054702758789062
24, 0.014628171920776367
24, 0.014575481414794922
24, 0.014292240142822266
24, 0.014523506164550781
24, 0.013515472412109375
24, 0.014273643493652344
24, 0.014372110366821289
24, 0.013998985290527344
24, 0.01452493667602539
24, 0.015000343322753906
24, 0.015000343322753906
24, 0.014000654220581055
24, 0.014000177383422852
24, 0.013997554779052734
24, 0.01380467414855957
24, 0.014304399490356445
24, 0.014000654220581055
24, 0.014233827590942383
24, 0.014005899429321289
24, 0.013945817947387695
24, 0.013347625732421875
24, 0.014378786087036133
24, 0.014000415802001953
24, 0.014054059982299805
24, 0.01427602767944336
24, 0.01434016227722168
24, 0.014999866485595703
24, 0.013702154159545898
24, 0.015037298202514648
24, 0.01424551010131836
24, 0.03748750686645508
24, 0.014535903930664062
24, 0.014170169830322266
24, 0.01927661895751953
24, 0.015086889266967773
24, 0.014537572860717773
24, 0.013999700546264648
24, 0.014575958251953125
24, 0.015008926391601562
24, 0.014519691467285156
24, 0.014018058776855469
24, 0.014514923095703125
24, 0.014133691787719727
24, 0.01399993896484375
24, 0.014778614044189453
24, 0.013290643692016602
24, 0.014001131057739258
24, 0.0149993896484375
24, 0.014783143997192383
24, 0.014518499374389648
24, 0.014523029327392578
24, 0.013997316360473633
24, 0.015000104904174805
24, 0.014699459075927734
24, 0.014898300170898438
24, 0.015005111694335938
24, 0.015001058578491211
24, 0.014005661010742188
25, 0.015108108520507812
25, 0.01500082015991211
25, 0.014993429183959961
25, 0.014374971389770508
25, 0.015241861343383789
25, 0.014908790588378906
25, 0.015032291412353516
25, 0.01781320571899414
25, 0.014036417007446289
25, 0.014679193496704102
25, 0.014574050903320312
25, 0.014152050018310547
25, 0.015243768692016602
25, 0.015000343322753906
25, 0.015162229537963867
25, 0.01551508903503418
25, 0.014850854873657227
25, 0.014990091323852539
25, 0.015906333923339844
25, 0.015451192855834961
25, 0.015404701232910156
25, 0.015000343322753906
25, 0.014999866485595703
25, 0.014568805694580078
25, 0.014036178588867188
25, 0.015000343322753906
25, 0.014994144439697266
25, 0.014408588409423828
25, 0.015000581741333008
25, 0.015070915222167969
25, 0.014939308166503906
25, 0.015000343322753906
25, 0.014707088470458984
25, 0.0149993896484375
25, 0.014999866485595703
25, 0.014515399932861328
25, 0.014654159545898438
25, 0.014754772186279297
25, 0.014514923095703125
25, 0.014719963073730469
25, 0.014000892639160156
25, 0.01500248908996582
25, 0.014000654220581055
25, 0.01499176025390625
25, 0.014998197555541992
25, 0.015610456466674805
25, 0.013999700546264648
25, 0.015238046646118164
25, 0.015009641647338867
25, 0.015269994735717773
25, 0.014740467071533203
25, 0.015000343322753906
25, 0.014488458633422852
25, 0.015041351318359375
25, 0.014366388320922852
25, 0.01453089714050293
25, 0.01499485969543457
25, 0.015000581741333008
25, 0.01501774787902832
25, 0.014114141464233398
25, 0.01400136947631836
25, 0.014528512954711914
25, 0.014550209045410156
25, 0.014991521835327148
25, 0.014621973037719727
25, 0.01435995101928711
25, 0.014000892639160156
25, 0.014920473098754883
25, 0.014173269271850586
25, 0.014000415802001953
25, 0.015195369720458984
25, 0.014867782592773438
25, 0.014921426773071289
25, 0.015009641647338867
25, 0.014999866485595703
25, 0.015000104904174805
25, 0.014865636825561523
25, 0.015000343322753906
25, 0.014575481414794922
25, 0.014063119888305664
25, 0.015000581741333008
25, 0.015514373779296875
25, 0.014532327651977539
25, 0.015004158020019531
25, 0.01450204849243164
25, 0.014513254165649414
25, 0.015000104904174805
25, 0.014852285385131836
25, 0.015515804290771484
25, 0.014773845672607422
25, 0.015011787414550781
25, 0.014873266220092773
25, 0.01456451416015625
25, 0.014608621597290039
25, 0.0155029296875
25, 0.015000104904174805
25, 0.01446390151977539
25, 0.014884710311889648
25, 0.014681100845336914
25, 0.014994382858276367
26, 0.015000343322753906
26, 0.014826774597167969
26, 0.01510310173034668
26, 0.01575756072998047
26, 0.014702081680297852
26, 0.015296697616577148
26, 0.014514923095703125
26, 0.015531778335571289
26, 0.015677928924560547
26, 0.014636516571044922
26, 0.014998912811279297
26, 0.015516281127929688
26, 0.014991998672485352
26, 0.015044212341308594
26, 0.014999866485595703
26, 0.014632463455200195
26, 0.01600050926208496
26, 0.015000581741333008
26, 0.015000581741333008
26, 0.014562606811523438
26, 0.01539468765258789
26, 0.015572071075439453
26, 0.015714406967163086
26, 0.014999866485595703
26, 0.015496253967285156
26, 0.014999151229858398
26, 0.01514291763305664
26, 0.015991926193237305
26, 0.014664649963378906
26, 0.015232086181640625
26, 0.015567302703857422
26, 0.015994787216186523
26, 0.014995336532592773
26, 0.015558242797851562
26, 0.01591181755065918
26, 0.014763355255126953
26, 0.016055822372436523
26, 0.015310525894165039
26, 0.01500248908996582
26, 0.015596866607666016
26, 0.01599717140197754
26, 0.015101909637451172
26, 0.015151739120483398
26, 0.015229463577270508
26, 0.015006780624389648
26, 0.016008853912353516
26, 0.01522517204284668
26, 0.015499591827392578
26, 0.015540122985839844
26, 0.01520538330078125
26, 0.015554428100585938
26, 0.014816522598266602
26, 0.014840364456176758
26, 0.015000581741333008
26, 0.015329837799072266
26, 0.015000343322753906
26, 0.0149993896484375
26, 0.014887571334838867
26, 0.014886856079101562
26, 0.01523280143737793
26, 0.014925479888916016
26, 0.014426231384277344
26, 0.015001296997070312
26, 0.015060663223266602
26, 0.014478445053100586
26, 0.014720678329467773
26, 0.014000177383422852
26, 0.01512455940246582
26, 0.014596700668334961
26, 0.015000343322753906
26, 0.013999700546264648
26, 0.015508413314819336
26, 0.014780044555664062
26, 0.015386104583740234
26, 0.014801025390625
26, 0.015050888061523438
26, 0.015000104904174805
26, 0.015057802200317383
26, 0.01474618911743164
26, 0.013997077941894531
26, 0.013897895812988281
26, 0.013999223709106445
26, 0.014661788940429688
26, 0.01399993896484375
26, 0.014996767044067383
26, 0.0142974853515625
26, 0.015088319778442383
26, 0.01500558853149414
26, 0.014999628067016602
26, 0.015538930892944336
26, 0.014536857604980469
26, 0.014808177947998047
26, 0.015553951263427734
26, 0.015114068984985352
26, 0.015513896942138672
26, 0.015194177627563477
26, 0.015075445175170898
26, 0.014015436172485352
26, 0.015539884567260742
26, 0.014264583587646484
27, 0.015673398971557617
27, 0.015521764755249023
27, 0.015570878982543945
27, 0.016000747680664062
27, 0.015588998794555664
27, 0.016553640365600586
27, 0.016145944595336914
27, 0.015614032745361328
27, 0.016658306121826172
27, 0.016000032424926758
27, 0.017034530639648438
27, 0.016271114349365234
27, 0.01601433753967285
27, 0.015343427658081055
27, 0.015000581741333008
27, 0.015514373779296875
27, 0.015000343322753906
27, 0.015000343322753906
27, 0.015000581741333008
27, 0.014905691146850586
27, 0.015115737915039062
27, 0.015001773834228516
27, 0.015516042709350586
27, 0.015000581741333008
27, 0.01556086540222168
27, 0.014885902404785156
27, 0.015000104904174805
27, 0.01551198959350586
27, 0.015715360641479492
27, 0.015409469604492188
27, 0.014801263809204102
27, 0.016066789627075195
27, 0.015347719192504883
27, 0.015295982360839844
27, 0.015006065368652344
27, 0.016037940979003906
27, 0.01599860191345215
27, 0.0159609317779541
27, 0.015512466430664062
27, 0.016000032424926758
27, 0.016010046005249023
27, 0.015534639358520508
27, 0.01500701904296875
27, 0.016011714935302734
27, 0.01600170135498047
27, 0.015510797500610352
27, 0.01600027084350586
27, 0.01575946807861328
27, 0.015085458755493164
27, 0.014998912811279297
27, 0.014993906021118164
27, 0.014782190322875977
27, 0.015764713287353516
27, 0.015000343322753906
27, 0.014996528625488281
27, 0.015542030334472656
27, 0.015512228012084961
27, 0.016279220581054688
27, 0.015999794006347656
27, 0.015727519989013672
27, 0.014868736267089844
27, 0.015480518341064453
27, 0.015226602554321289
27, 0.015000343322753906
27, 0.015512704849243164
27, 0.015000104904174805
27, 0.015601634979248047
27, 0.015002012252807617
27, 0.014513254165649414
27, 0.015535354614257812
27, 0.01543426513671875
27, 0.017556428909301758
27, 0.015398263931274414
27, 0.014273881912231445
27, 0.015000581741333008
27, 0.015106678009033203
27, 0.015517473220825195
27, 0.015227317810058594
27, 0.015589475631713867
27, 0.01501154899597168
27, 0.015018939971923828
27, 0.015001773834228516
27, 0.01601266860961914
27, 0.015284538269042969
27, 0.016090869903564453
27, 0.014952421188354492
27, 0.015717029571533203
27, 0.01584601402282715
27, 0.015587329864501953
27, 0.01600027084350586
27, 0.015069246292114258
27, 0.01533198356628418
27, 0.014997243881225586
27, 0.015516996383666992
27, 0.014923095703125
27, 0.015329837799072266
27, 0.015001058578491211
27, 0.015514612197875977
27, 0.01472783088684082
27, 0.014999151229858398
28, 0.016237974166870117
28, 0.015906095504760742
28, 0.015726089477539062
28, 0.01600050926208496
28, 0.015999555587768555
28, 0.015881061553955078
28, 0.015266895294189453
28, 0.015349864959716797
28, 0.0149993896484375
28, 0.01500082015991211
28, 0.015000104904174805
28, 0.017000675201416016
28, 0.016202688217163086
28, 0.015622615814208984
28, 0.016079425811767578
28, 0.015529394149780273
28, 0.01592087745666504
28, 0.015604496002197266
28, 0.01561594009399414
28, 0.015512704849243164
28, 0.015763521194458008
28, 0.015515565872192383
28, 0.014894485473632812
28, 0.01569223403930664
28, 0.01484990119934082
28, 0.015000343322753906
28, 0.015886783599853516
28, 0.016129255294799805
28, 0.015733003616333008
28, 0.014999866485595703
28, 0.016509532928466797
28, 0.014999866485595703
28, 0.015522241592407227
28, 0.01600813865661621
28, 0.015463590621948242
28, 0.01499485969543457
28, 0.015001535415649414
28, 0.015449285507202148
28, 0.015646934509277344
28, 0.016209125518798828
28, 0.015000343322753906
28, 0.015835046768188477
28, 0.015656709671020508
28, 0.016016006469726562
28, 0.016010046005249023
28, 0.015000343322753906
28, 0.015306949615478516
28, 0.015569686889648438
28, 0.015287399291992188
28, 0.015324115753173828
28, 0.015000104904174805
28, 0.016146421432495117
28, 0.015305280685424805
28, 0.015496969223022461
28, 0.014998435974121094
28, 0.014805078506469727
28, 0.015773773193359375
28, 0.01500082015991211
28, 0.015387535095214844
28, 0.015750885009765625
28, 0.015000581741333008
28, 0.014750480651855469
28, 0.016510009765625
28, 0.016184568405151367
28, 0.015515804290771484
28, 0.01600050926208496
28, 0.015999794006347656
28, 0.0162661075592041
28, 0.01551508903503418
28, 0.015999794006347656
28, 0.01599884033203125
28, 0.016288280487060547
28, 0.015429973602294922
28, 0.01600050926208496
28, 0.01599907875061035
28, 0.01651597023010254
28, 0.015311479568481445
28, 0.01551508903503418
28, 0.015285491943359375
28, 0.015310049057006836
28, 0.015753984451293945
28, 0.014675617218017578
28, 0.015828847885131836
28, 0.015118837356567383
28, 0.01554107666015625
28, 0.01661539077758789
28, 0.017014026641845703
28, 0.016496658325195312
28, 0.015670299530029297
28, 0.016417741775512695
28, 0.01600193977355957
28, 0.015727519989013672
28, 0.01596546173095703
28, 0.016077041625976562
28, 0.01551365852355957
28, 0.0162508487701416
28, 0.015288352966308594
28, 0.01518869400024414
28, 0.015738725662231445
28, 0.014997482299804688
29, 0.016476154327392578
29, 0.015999555587768555
29, 0.015515327453613281
29, 0.01573348045349121
29, 0.016244888305664062
29, 0.01684856414794922
29, 0.01600790023803711
29, 0.016512393951416016
29, 0.016681194305419922
29, 0.016234159469604492
29, 0.015752077102661133
29, 0.01651453971862793
29, 0.016238927841186523
29, 0.01599884033203125
29, 0.016772747039794922
29, 0.016523122787475586
29, 0.016537189483642578
29, 0.016518115997314453
29, 0.016304492950439453
29, 0.015999555587768555
29, 0.016000032424926758
29, 0.015420675277709961
29, 0.016999006271362305
29, 0.016083478927612305
29, 0.015527486801147461
29, 0.01597762107849121
29, 0.016254186630249023
29, 0.015777111053466797
29, 0.01587080955505371
29, 0.01651453971862793
29, 0.016000747680664062
29, 0.015902042388916016
29, 0.015785932540893555
29, 0.016510725021362305
29, 0.015999794006347656
29, 0.016030073165893555
29, 0.016000747680664062
29, 0.015999794006347656
29, 0.01636028289794922
29, 0.016006946563720703
29, 0.01601433753967285
29, 0.016091585159301758
29, 0.015346527099609375
29, 0.016397714614868164
29, 0.016490459442138672
29, 0.016543149948120117
29, 0.0163421630859375
29, 0.01673269271850586
29, 0.015773534774780273
29, 0.016160249710083008
29, 0.0167238712310791
29, 0.016321897506713867
29, 0.01599717140197754
29, 0.016095399856567383
29, 0.015752792358398438
29, 0.016880035400390625
29, 0.017287492752075195
29, 0.017534494400024414
29, 0.016378164291381836
29, 0.016940593719482422
29, 0.016846895217895508
29, 0.01606917381286621
29, 0.01600360870361328
29, 0.01616382598876953
29, 0.016518831253051758
29, 0.016001462936401367
29, 0.01600480079650879
29, 0.01626276969909668
29, 0.016000032424926758
29, 0.016514301300048828
29, 0.01629495620727539
29, 0.016772985458374023
29, 0.01651740074157715
29, 0.01599884033203125
29, 0.01671004295349121
29, 0.016560077667236328
29, 0.01606917381286621
29, 0.015973806381225586
29, 0.016757488250732422
29, 0.0159914493560791
29, 0.01655721664428711
29, 0.015625715255737305
29, 0.015276908874511719
29, 0.015995502471923828
29, 0.01604604721069336
29, 0.01556253433227539
29, 0.016057729721069336
29, 0.016001224517822266
29, 0.015993595123291016
29, 0.015513420104980469
29, 0.015000343322753906
29, 0.01578354835510254
29, 0.015001773834228516
29, 0.01626873016357422
29, 0.017064571380615234
29, 0.015999794006347656
29, 0.015684843063354492
29, 0.016782760620117188
29, 0.015723466873168945
29, 0.01599717140197754
30, 0.016994714736938477
30, 0.01676011085510254
30, 0.016251087188720703
30, 0.016526222229003906
30, 0.016698837280273438
30, 0.016735315322875977
30, 0.01707601547241211
30, 0.016870498657226562
30, 0.01646733283996582
30, 0.017126083374023438
30, 0.017000913619995117
30, 0.016609907150268555
30, 0.01653742790222168
30, 0.01560664176940918
30, 0.01600027084350586
30, 0.01652979850769043
30, 0.016452550888061523
30, 0.01660919189453125
30, 0.01657891273498535
30, 0.01600027084350586
30, 0.01674962043762207
30, 0.016427040100097656
30, 0.017510175704956055
30, 0.017012596130371094
30, 0.016000986099243164
30, 0.01713395118713379
30, 0.017560243606567383
30, 0.01598978042602539
30, 0.017000198364257812
30, 0.017009496688842773
30, 0.01600027084350586
30, 0.01546478271484375
30, 0.016000032424926758
30, 0.01650261878967285
30, 0.016815662384033203
30, 0.016330480575561523
30, 0.016463279724121094
30, 0.01667189598083496
30, 0.016513586044311523
30, 0.01699542999267578
30, 0.016518592834472656
30, 0.017998456954956055
30, 0.017000198364257812
30, 0.01750969886779785
30, 0.016743898391723633
30, 0.017014026641845703
30, 0.015702009201049805
30, 0.016171693801879883
30, 0.0156557559967041
30, 0.016657114028930664
30, 0.016483306884765625
30, 0.016534090042114258
30, 0.015999794006347656
30, 0.01636528968811035
30, 0.015997886657714844
30, 0.016154766082763672
30, 0.016116857528686523
30, 0.0170900821685791
30, 0.016551733016967773
30, 0.017000913619995117
30, 0.017060041427612305
30, 0.016737699508666992
30, 0.01672840118408203
30, 0.016849517822265625
30, 0.017098665237426758
30, 0.016610145568847656
30, 0.01645374298095703
30, 0.016467571258544922
30, 0.01697063446044922
30, 0.01699995994567871
30, 0.01600050926208496
30, 0.015484094619750977
30, 0.015574216842651367
30, 0.016512632369995117
30, 0.017535924911499023
30, 0.017110109329223633
30, 0.016999244689941406
30, 0.01699090003967285
30, 0.01574254035949707
30, 0.016000032424926758
30, 0.016002655029296875
30, 0.01605987548828125
30, 0.01592421531677246
30, 0.016395092010498047
30, 0.017002105712890625
30, 0.015516042709350586
30, 0.016553640365600586
30, 0.01700139045715332
30, 0.016863584518432617
30, 0.016082048416137695
30, 0.017755985260009766
30, 0.017000198364257812
30, 0.017143964767456055
30, 0.016865015029907227
30, 0.01600027084350586
30, 0.016185998916625977
30, 0.016001224517822266
30, 0.01608109474182129
30, 0.01579761505126953
30, 0.015964508056640625
31, 0.01701641082763672
31, 0.01617741584777832
31, 0.016883373260498047
31, 0.017021894454956055
31, 0.016251802444458008
31, 0.017000436782836914
31, 0.017000913619995117
31, 0.01699972152709961
31, 0.01900029182434082
31, 0.017463207244873047
31, 0.017000913619995117
31, 0.017514944076538086
31, 0.017521381378173828
31, 0.019000530242919922
31, 0.017998933792114258
31, 0.01999807357788086
31, 0.019001245498657227
31, 0.02199864387512207
31, 0.019500017166137695
31, 0.019498586654663086
31, 0.021002769470214844
31, 0.01950240135192871
31, 0.021000385284423828
31, 0.021001100540161133
31, 0.020001888275146484
31, 0.018500089645385742
31, 0.019499778747558594
31, 0.017500638961791992
31, 0.019500732421875
31, 0.018497228622436523
31, 0.020498275756835938
31, 0.020000457763671875
31, 0.020500659942626953
31, 0.017498493194580078
31, 0.018501758575439453
31, 0.019001483917236328
31, 0.018999814987182617
31, 0.019501209259033203
31, 0.01999831199645996
31, 0.01799917221069336
31, 0.01899886131286621
31, 0.020694255828857422
31, 0.018825054168701172
31, 0.018836021423339844
31, 0.018204212188720703
31, 0.018027782440185547
31, 0.021083593368530273
31, 0.018598079681396484
31, 0.0182344913482666
31, 0.01905035972595215
31, 0.01800084114074707
31, 0.019592761993408203
31, 0.02199721336364746
31, 0.018980026245117188
31, 0.018011093139648438
31, 0.019527435302734375
31, 0.019558191299438477
31, 0.020585298538208008
31, 0.018999576568603516
31, 0.0195004940032959
31, 0.021997928619384766
31, 0.019997596740722656
31, 0.020499706268310547
31, 0.022001981735229492
31, 0.020000219345092773
31, 0.05050063133239746
31, 0.02050161361694336
31, 0.021499156951904297
31, 0.03149771690368652
31, 0.024499177932739258
31, 0.02799844741821289
31, 0.02499985694885254
31, 0.022499799728393555
31, 0.026002168655395508
31, 0.02400064468383789
31, 0.03150033950805664
31, 0.025499582290649414
31, 0.02850031852722168
31, 0.027002334594726562
31, 0.02400040626525879
31, 0.02449822425842285
31, 0.024501323699951172
31, 0.026499509811401367
31, 0.02399921417236328
31, 0.028998613357543945
31, 0.024499177932739258
31, 0.024506330490112305
31, 0.02549886703491211
31, 0.024998903274536133
31, 0.027501344680786133
31, 0.028002262115478516
31, 0.027500391006469727
31, 0.02649974822998047
31, 0.02399897575378418
31, 0.02250218391418457
31, 0.023999691009521484
31, 0.022498607635498047
31, 0.023001670837402344
31, 0.0240020751953125
31, 0.024998903274536133
32, 0.026361942291259766
32, 0.024500131607055664
32, 0.016758441925048828
32, 0.012996912002563477
32, 0.012500524520874023
32, 0.017002344131469727
32, 0.015498638153076172
32, 0.02100062370300293
32, 0.024497270584106445
32, 0.029000282287597656
32, 0.01699995994567871
32, 0.018000364303588867
32, 0.025501728057861328
32, 0.020501136779785156
32, 0.02250218391418457
32, 0.024495601654052734
32, 0.02550053596496582
32, 0.023001909255981445
32, 0.0294954776763916
32, 0.02549910545349121
32, 0.02599930763244629
32, 0.023000240325927734
32, 0.018906354904174805
32, 0.018002033233642578
32, 0.018004179000854492
32, 0.018005847930908203
32, 0.0185089111328125
32, 0.017000913619995117
32, 0.017554521560668945
32, 0.017473459243774414
32, 0.01700139045715332
32, 0.01827096939086914
32, 0.01883983612060547
32, 0.018000364303588867
32, 0.017691850662231445
32, 0.018797636032104492
32, 0.0180509090423584
32, 0.01864790916442871
32, 0.018545150756835938
32, 0.01800990104675293
32, 0.017004013061523438
32, 0.017784833908081055
32, 0.01771998405456543
32, 0.01900029182434082
32, 0.017104387283325195
32, 0.02300238609313965
32, 0.018489599227905273
32, 0.017002344131469727
32, 0.017778873443603516
32, 0.018887996673583984
32, 0.018996477127075195
32, 0.017998933792114258
32, 0.018529891967773438
32, 0.019257068634033203
32, 0.017764806747436523
32, 0.018999338150024414
32, 0.018158912658691406
32, 0.020166397094726562
32, 0.018999576568603516
32, 0.020000219345092773
32, 0.017008543014526367
32, 0.018057823181152344
32, 0.01786184310913086
32, 0.018546581268310547
32, 0.01999688148498535
32, 0.018050193786621094
32, 0.019016027450561523
32, 0.017830371856689453
32, 0.01657271385192871
32, 0.017999649047851562
32, 0.018999814987182617
32, 0.019367218017578125
32, 0.018932580947875977
32, 0.018218994140625
32, 0.020612716674804688
32, 0.017560482025146484
32, 0.01844310760498047
32, 0.020044326782226562
32, 0.01819586753845215
32, 0.020037412643432617
32, 0.018737077713012695
32, 0.01851058006286621
32, 0.01944136619567871
32, 0.01983022689819336
32, 0.017999649047851562
32, 0.019182682037353516
32, 0.018707275390625
32, 0.018057823181152344
32, 0.01868915557861328
32, 0.0189359188079834
32, 0.018082618713378906
32, 0.017776012420654297
32, 0.01800251007080078
32, 0.01751089096069336
32, 0.01999807357788086
32, 0.017513036727905273
32, 0.017632007598876953
32, 0.01900005340576172
32, 0.0180666446685791
32, 0.018563032150268555
